[
  {
    "Name": "Elysian Brewing",
    "Address": "1221 E Pike St, Seattle, WA 98122",
    "Neighborhood": "Capitol Hill",
    "Phone": "206-906-9148",
    "Website": "https://www.elysianbrewing.com",
    "Offer": "both"
  },
  {
    "Name": "Kate's Pub",
    "Address": "309 NE 45th St, Seattle WA 98105",
    "Neighborhood": "Wallingford",
    "Phone": "206-547-6832",
    "Website": "katespub.com",
    "Offer": "both"
  },
  {
    "Name": "Zulu's Board Game Cafe",
    "Address": "10234 Main St, Bothell WA 98011",
    "Neighborhood": "Bothell",
    "Phone": "425-415-7171",
    "Website": "https://www.zulusgames.com/menu",
    "Offer": "both"
  },
  {
    "Name": "La Cabana",
    "Address": "606 N 105th St, Seattle, Washington 98133",
    "Neighborhood": "Greenwood",
    "Phone": "(206) 420-7693",
    "Website": "http://lacabanaseattle.com/",
    "Offer": "both"
  },
  {
    "Name": "Thuy's",
    "Address": "120 Madrone Ln N, Bainbridge Island, WA 98110",
    "Neighborhood": "Bainbridge Island",
    "Phone": "206-842-1769",
    "Website": "http://bithuys.com/",
    "Offer": "both"
  },
  {
    "Name": "KEZIRA CAFE",
    "Address": "5100 Rainier Ave S Seattle 98118",
    "Neighborhood": "Columbia City",
    "Phone": "1(206) 588 1024",
    "Website": "www.keziracaffe.com",
    "Offer": "both"
  },
  {
    "Name": "Pho An",
    "Address": "12526 Lake City Way NE, Seattle, WA 98125",
    "Neighborhood": "Lake City",
    "Phone": "(206) 362-3439",
    "Website": "N/A",
    "Offer": "takeout"
  },
  {
    "Name": "Bite Box",
    "Address": "307 West McGraw Street",
    "Neighborhood": "Queen Anne",
    "Phone": "206 708-1213",
    "Website": "www.letsgogrub.com",
    "Offer": "takeout"
  },
  {
    "Name": "Skalka Georgian Bakery & Dumpling House",
    "Address": "77 Spring St, Seattle, WA, 98104",
    "Neighborhood": "Seattle Downtown",
    "Phone": "(206) 408-8169",
    "Website": "skalkaseattle.com",
    "Offer": "both"
  },
  {
    "Name": "Delish Ethiopian Cuisine",
    "Address": "5701 Rainer Ave south Seattle WA 98118",
    "Neighborhood": "Columbia city",
    "Phone": "206 723 3821",
    "Website": "Delishethiopianfood.com",
    "Offer": "both"
  },
  {
    "Name": "Pico Cafe",
    "Address": "6415 32nd Ave NW Seattle, WA 98117",
    "Neighborhood": "Ballard",
    "Phone": "(206) 781-8000",
    "Website": "http://ristorantepicolinos.com/cafe-bakery/",
    "Offer": "takeout"
  },
  {
    "Name": "Royal Thai Bistro",
    "Address": "2045 Mildred St W, Tacoma, WA 98466",
    "Neighborhood": "Tacoma",
    "Phone": "(253) 564-9409",
    "Website": "http://www.royalthaibistro.com/",
    "Offer": "both"
  },
  {
    "Name": "Theo Chocolate",
    "Address": "3400 Phinney Ave N, Seattle, WA 98103",
    "Neighborhood": "Fremont",
    "Phone": "206-809-8373",
    "Website": "https://theochocolate.com/theo-to-go",
    "Offer": "both"
  },
  {
    "Name": "Aloha Ramen",
    "Address": "3004 NE 127th St, Seattle, WA 98125",
    "Neighborhood": "Lake City",
    "Phone": "(206) 838-3837",
    "Website": "https://www.facebook.com/aloharamenlakecity/",
    "Offer": "both"
  },
  {
    "Name": "Windy City Pie",
    "Address": "5918 Phinney Ave N. Seattle, WA 98103",
    "Neighborhood": "Phinney Ridge",
    "Phone": "206.486.4743",
    "Website": "https://www.windycitypie.com",
    "Offer": "both"
  },
  {
    "Name": "Ban Hua Sai",
    "Address": "9400 Roosevelt Way NE, Seattle WA 98115",
    "Neighborhood": "Maple Leaf",
    "Phone": "206-522-6001",
    "Website": "https://www.banhuasai.com/",
    "Offer": "both"
  },
  {
    "Name": "Taqueria Cantina",
    "Address": "2630 1st Ave, Seattle, WA 98121",
    "Neighborhood": "Belltown",
    "Phone": "206-995-8588",
    "Website": "taqueriacantina.com",
    "Offer": "both"
  },
  {
    "Name": "Malarky's Sports Grill",
    "Address": "1025 NW Gilman Blvd., Suite 7",
    "Neighborhood": "Issaquah WA",
    "Phone": "425-392-6356",
    "Website": "www.malarkys.club",
    "Offer": "takeout"
  },
  {
    "Name": "Surrell on Madison",
    "Address": "2319 E Madison St",
    "Neighborhood": "Capitol Hill",
    "Phone": "425-275-2122",
    "Website": "Surrellseattle.com",
    "Offer": "both"
  },
  {
    "Name": "The Whale Wins",
    "Address": "3506 Stone Way North Seattle WA 98103",
    "Neighborhood": "Wallingford",
    "Phone": "206-632-9425",
    "Website": "www.thewhalewins.com",
    "Offer": "both"
  },
  {
    "Name": "Willmott's Ghost",
    "Address": "2100 6th Ave. Seattle WA 98121",
    "Neighborhood": "South Lake Union / Downtown",
    "Phone": "206-900-9650",
    "Website": "http://www.willmottsghost.com",
    "Offer": "both"
  },
  {
    "Name": "Dingfelder's Delicatessen",
    "Address": "1318 E Pine St (14th and E Pine)",
    "Neighborhood": "Capitol Hill",
    "Phone": "(206) 403-1365",
    "Website": "dingfelders.com",
    "Offer": "both"
  },
  {
    "Name": "Karaage Setsuna",
    "Address": "2429 2nd Ave",
    "Neighborhood": "Belltown",
    "Phone": "206-448-3595",
    "Website": "https://karaagesetsuna.com",
    "Offer": "takeout"
  },
  {
    "Name": "Anju Bar and Eatery",
    "Address": "9641 15th Ave SW, Seattle, WA 98106",
    "Neighborhood": "White Center",
    "Phone": "(206) 397-4669",
    "Website": "https://www.anjuseattle.com/",
    "Offer": "both"
  },
  {
    "Name": "Copine",
    "Address": "6460 24th Ave NW",
    "Neighborhood": "Ballard",
    "Phone": "206-258-2467",
    "Website": "copineseattle.com",
    "Offer": "takeout"
  },
  {
    "Name": "Lupo",
    "Address": "4303 Fremont Avenue N",
    "Neighborhood": "Fremont",
    "Phone": "(206) 547-2144",
    "Website": "https://www.lupofremont.com/",
    "Offer": "both"
  },
  {
    "Name": "Agua Verde Cafe",
    "Address": "1303 NE Boat St",
    "Neighborhood": "U District",
    "Phone": 2065458570,
    "Website": "www.aguaverdecafe.com",
    "Offer": "both"
  },
  {
    "Name": "Ba Bar",
    "Address": "550 12th Avenue for Capitol Hill, 2685 NE 46th Street for U-Village location",
    "Neighborhood": "Capitol Hill and U-District",
    "Phone": "206.328.2030 and 206.328.1112",
    "Website": "https://babarseattle.com/university-village/",
    "Offer": "both"
  },
  {
    "Name": "Ichiro Sushi and Teriyaki",
    "Address": "2434 32nd Ave W, Seattle, WA",
    "Neighborhood": "Magnolia",
    "Phone": "#ERROR!",
    "Website": "None",
    "Offer": "takeout"
  },
  {
    "Name": "Mura Asian Eatery",
    "Address": "3216 W Wheeler St Seattle, WA 98199",
    "Neighborhood": "Magnolia",
    "Phone": "(206) 390-7148",
    "Website": "http://www.muraasianeatery.com/",
    "Offer": "takeout"
  },
  {
    "Name": "Delfino's Chicago Style Pizza",
    "Address": "2631 NE University Village St., Seattle, WA., 98105",
    "Neighborhood": "University District",
    "Phone": "206-522-3466",
    "Website": "www.delfinospizza.com",
    "Offer": "both"
  },
  {
    "Name": "Coastline Burgers",
    "Address": "4444 California Ave SW, Seattle, WA 98116",
    "Neighborhood": "West Seattle",
    "Phone": "206-946-6827",
    "Website": "coastlineburgers.com",
    "Offer": "takeout"
  },
  {
    "Name": "Copper Coin",
    "Address": "2329 California Ave SW, Seattle, WA 98116",
    "Neighborhood": "West Seattle",
    "Phone": "206-420-3608",
    "Website": "coppercoinseattle.com",
    "Offer": "takeout"
  },
  {
    "Name": "Coastline Burgers",
    "Address": "116 Central Way, Kirkland, WA 98033",
    "Neighborhood": "Kirkland",
    "Phone": "425-822-1770",
    "Website": "coastlineburgers.com",
    "Offer": "both"
  },
  {
    "Name": "Rubinstein Bagels",
    "Address": "601 Union Street",
    "Neighborhood": "Downtown",
    "Phone": 2065551666,
    "Website": "www.rubinsteinbagels.com",
    "Offer": "delivery"
  },
  {
    "Name": "Athina Grill",
    "Address": "528 Queen Anne Ave N",
    "Neighborhood": "Queen Anne Ave",
    "Phone": "206 2843868",
    "Website": "Athinagrill. Com",
    "Offer": "takeout"
  },
  {
    "Name": "Aviv Hummus Bar",
    "Address": "107 15th Ave E Seattle, WA 98112",
    "Neighborhood": "Capitol Hill",
    "Phone": "206-323-7483",
    "Website": "http://www.avivhummusbar.com/",
    "Offer": "takeout"
  },
  {
    "Name": "Tea Republik",
    "Address": "4527 University Way NE",
    "Neighborhood": "U District",
    "Phone": 5593926318,
    "Website": "tearepublik.square.site",
    "Offer": "takeout"
  },
  {
    "Name": "Soprano's Antico Pizza & Pasta",
    "Address": "2348 California Ave SW Seattle WA 98116",
    "Neighborhood": "West Seattle",
    "Phone": "206-596-3999",
    "Website": "https://ordernow.menudrive.com/sopranospizzawest",
    "Offer": "both"
  },
  {
    "Name": "Esters Enoteca",
    "Address": "3416 Fremont Ave N",
    "Neighborhood": "Fremont",
    "Phone": "206-295-1903",
    "Website": "Estersenoteca.com",
    "Offer": "takeout"
  },
  {
    "Name": "Razzi’s Pizza & Pasta",
    "Address": "8545 Greenwood Ave N and delivery to downtown, south lake union and Capitol hill",
    "Neighborhood": "Greenwood/Phinney ridge",
    "Phone": "206 782-9005 Greenwood 622-6878 delivery",
    "Website": "Razzispizza dot com",
    "Offer": "both"
  },
  {
    "Name": "Café Munir",
    "Address": "2408 NW 80th Street Seattle, WA 98117",
    "Neighborhood": "North Ballard",
    "Phone": "206-783-4190",
    "Website": "cafemunir.blogspot.com",
    "Offer": "takeout"
  },
  {
    "Name": "Rio Blanco",
    "Address": "3830 A Street SE # 201",
    "Neighborhood": "Auburn",
    "Phone": "‭(253) 939-9311‬",
    "Website": "https://www.rioblancowa.com",
    "Offer": "takeout"
  },
  {
    "Name": "Pazzo's",
    "Address": "2307 Eastlake Ave E, Seattle, WA 98102",
    "Neighborhood": "Eastlake",
    "Phone": "(206) 329-6558",
    "Website": "gopazzos.com",
    "Offer": "takeout"
  },
  {
    "Name": "Grand Central Bakery",
    "Address": "1616 Eastlake Ave E",
    "Neighborhood": "Eastlake",
    "Phone": "206-957-9505",
    "Website": "Grandcentralbakery.com",
    "Offer": "takeout"
  },
  {
    "Name": "Grand Central Bakery",
    "Address": "7501 35th Ave NE",
    "Neighborhood": "Wedgwood",
    "Phone": "206-582-2311",
    "Website": "Grandcentralbakery.com",
    "Offer": "takeout"
  },
  {
    "Name": "Grand Central Bakery",
    "Address": "626 SW 152nd St",
    "Neighborhood": "Burien",
    "Phone": "206-436-1065",
    "Website": "Grandcentralbakery.com",
    "Offer": "takeout"
  },
  {
    "Name": "Heritage Restaurant and Bar",
    "Address": "14450 Redmond-Woodinville RD NE, STE 101B, Woodinville, WA 98072",
    "Neighborhood": "Woodinville",
    "Phone": "(425) 419-4760",
    "Website": "https://heritagewoodinville.com/homepage/",
    "Offer": "both"
  },
  {
    "Name": "The Olive and Grape",
    "Address": "8516 Greenwood Avenue North",
    "Neighborhood": "Phinney Ridge",
    "Phone": "206) 724-0272",
    "Website": "ww.theoliveandgrape.com",
    "Offer": "both"
  },
  {
    "Name": "shibu ramen",
    "Address": "9733 ne 117th ln",
    "Neighborhood": "juanita beach",
    "Phone": "425-202-7459",
    "Website": "shiburamen.com",
    "Offer": "takeout"
  },
  {
    "Name": "Aburiya Bento House",
    "Address": "2100 Western Ave. Seattle WA 98198",
    "Neighborhood": "Belltown/Downtown",
    "Phone": 2064534685,
    "Website": "Facebook.com/aburiyabentohouse",
    "Offer": "takeout"
  },
  {
    "Name": "Shiro's",
    "Address": "2401 2nd Ave.",
    "Neighborhood": "Belltown",
    "Phone": 2064439844,
    "Website": "https://shiros.com/togo-menu/",
    "Offer": "takeout"
  },
  {
    "Name": "Blue Water Taco Grill",
    "Address": "515 Queen Anne Ave North",
    "Neighborhood": "Queen Anne, First Hill, Sodo, Downtown",
    "Phone": "206 352 2407",
    "Website": "bluewatertacogrill.com",
    "Offer": "both"
  },
  {
    "Name": "The Local 104",
    "Address": "18498 ballinger way ne",
    "Neighborhood": "Lake Forest Park/Shoreline",
    "Phone": 2069548669,
    "Website": "thelocal104.com",
    "Offer": "takeout"
  },
  {
    "Name": "Wedgwood Ale House and Cafe",
    "Address": "8515 35th Ave. NE Ste A, Seattle WA 98115",
    "Neighborhood": "Wedgwood",
    "Phone": "206-527-2676",
    "Website": "https://www.wedgwoodalehouse.com/",
    "Offer": "both"
  },
  {
    "Name": "The Comfort Zone restaurant located inside The Royal Esquire Club",
    "Address": "5016 Rainier Ave. S., Seattle WA 98108",
    "Neighborhood": "Columbia city in the Rainier Valley area",
    "Phone": 2062482600,
    "Website": "https://thecomfortzonesoulfood.com/",
    "Offer": "both"
  },
  {
    "Name": "Grand Central Bakery",
    "Address": "7501 35th Avenue NE",
    "Neighborhood": "Wedgwood",
    "Phone": "206-582-2311",
    "Website": "www.grandcentralbakery.com",
    "Offer": "takeout"
  },
  {
    "Name": "Grand Central Bakery",
    "Address": "1616 Eastlake Ave. East",
    "Neighborhood": "Eastlake",
    "Phone": "206-957-9505",
    "Website": "www.grandcentralbakery.com",
    "Offer": "takeout"
  },
  {
    "Name": "Grand Central Bakery",
    "Address": "626 S.W. 152nd Street",
    "Neighborhood": "Burien",
    "Phone": "206-436-1065",
    "Website": "https://www.grandcentralbakery.com/",
    "Offer": "takeout"
  },
  {
    "Name": "The Butcher's Table",
    "Address": "2121 Westlake Ave, Seattle, WA 98121",
    "Neighborhood": "Denny Triangle",
    "Phone": "206.209.5990",
    "Website": "thebutcherstable.com",
    "Offer": "takeout"
  },
  {
    "Name": "The Secret Ingredient",
    "Address": "Seattle and the Eastside",
    "Neighborhood": "Seattle and the Eastside",
    "Phone": "425 200-5379",
    "Website": "www.secretingredientmeals.com",
    "Offer": "delivery"
  },
  {
    "Name": "Jhanjay",
    "Address": "1718 North 45th St, Seattle, WA 98103",
    "Neighborhood": "Wallingford",
    "Phone": "(206) 632 1484",
    "Website": "http://www.jhanjay.com",
    "Offer": "takeout"
  },
  {
    "Name": "B-Side foods",
    "Address": "421 E Thomas St",
    "Neighborhood": "Capitol Hill",
    "Phone": "206-390-7670",
    "Website": "www.bside.cool",
    "Offer": "takeout"
  },
  {
    "Name": "Wally's Chowderhouse",
    "Address": "22531 Marine View Dr S",
    "Neighborhood": "Des Moines",
    "Phone": 2068788140,
    "Website": "Wallysrestaurants.com",
    "Offer": "both"
  },
  {
    "Name": "Taproot Cafe & Bar",
    "Address": "4908 A Rainier Ave S",
    "Neighborhood": "Columbia City",
    "Phone": "206-420-2535",
    "Website": "www.taprootseattle.com",
    "Offer": "both"
  },
  {
    "Name": "Zhen Kee Restaurant",
    "Address": "151 Sunset Blvd N,Renton",
    "Neighborhood": "Renton",
    "Phone": "425 277 1886",
    "Website": "www.zhenkee.com",
    "Offer": "both"
  },
  {
    "Name": "Irwin's Bakery & Cafe",
    "Address": "2123 N. 40th St. Seattle, WA 98103",
    "Neighborhood": "Wallingford",
    "Phone": "206-675-1484",
    "Website": "http://irwinsbakeryseattle.com/",
    "Offer": "both"
  },
  {
    "Name": "Mi La Cay",
    "Address": "212 12th Ave S, Seattle, WA 98144",
    "Neighborhood": "International District",
    "Phone": "(206) 322-6840",
    "Website": "https://www.seattlemilacay.com/",
    "Offer": "both"
  },
  {
    "Name": "Harry’s Beach House",
    "Address": "2676 Alki Ave Sw 99116",
    "Neighborhood": "West Seattle",
    "Phone": 2065136297,
    "Website": "Www.harrysbeachhouse.com",
    "Offer": "both"
  },
  {
    "Name": "Vendemmia",
    "Address": "1126 34th Ave Seattle, WA 98122",
    "Neighborhood": "Madrona",
    "Phone": "#ERROR!",
    "Website": "https://www.instagram.com/vendemmiaseattle/",
    "Offer": "takeout"
  },
  {
    "Name": "Shug’s Soda Fountain & Ice Cream",
    "Address": "Pop-Up @ 3800 California Ave SW Seattle, 98116",
    "Neighborhood": "West Seattle",
    "Phone": 2066026420,
    "Website": "www.shugssodafountain.com",
    "Offer": "takeout"
  },
  {
    "Name": "Minamoto",
    "Address": "11061 NE 9th St, Bellevue, WA 98004",
    "Neighborhood": "Bellevue",
    "Phone": "425-999-3338",
    "Website": "www.minamotowa.com",
    "Offer": "both"
  },
  {
    "Name": "Sages Restaurant",
    "Address": "15916 NE 83rd Street",
    "Neighborhood": "Redmond",
    "Phone": "425.881.5004",
    "Website": "http://www.sagesrestaurant.com/",
    "Offer": "takeout"
  },
  {
    "Name": "BJ's Restaurant & Brewhouse",
    "Address": "7211 166th Ave. NE",
    "Neighborhood": "Redmond",
    "Phone": "425-376-1560",
    "Website": "https://www.bjsrestaurants.com/",
    "Offer": "both"
  },
  {
    "Name": "Pizzeria Pulcinella",
    "Address": "10003 Rainier Ave S, Seattle, WA 98178",
    "Neighborhood": "SE Seattle",
    "Phone": "(206) 772-6861",
    "Website": "http://vincesrestaurants.com/pizzeria-pulcinella",
    "Offer": "both"
  },
  {
    "Name": "Ristorante Paradiso",
    "Address": "120 Park Lane A",
    "Neighborhood": "Kirkland",
    "Phone": "425-889-8601",
    "Website": "ristoranteparadiso.com",
    "Offer": "takeout"
  },
  {
    "Name": "Teriyaki & Wok ™",
    "Address": "324 Broadway E",
    "Neighborhood": "Capitol Hill",
    "Phone": "206-709-9888",
    "Website": "https://teriyakiandwok.com",
    "Offer": "takeout"
  },
  {
    "Name": "Kitchen Istanbul",
    "Address": "1744 NW Market St, Seattle Wa 98107",
    "Neighborhood": "Ballard",
    "Phone": "206-782-9367",
    "Website": "http://www.kitchen-istanbul.com/",
    "Offer": "both"
  },
  {
    "Name": "Bite Box",
    "Address": "307 W McGraw St Seattle 98119",
    "Neighborhood": "Queen Anne",
    "Phone": "206-708-1213",
    "Website": "http://www.letsgogrub.com/",
    "Offer": "takeout"
  },
  {
    "Name": "Pleasant Beach Village (The Marketplace, Hammy's, Joes Restaurant, Hammy's,",
    "Address": "4738 Lynwood Center Road NE Bainbridge Island",
    "Neighborhood": "Bainbridge Island",
    "Phone": "206-866-6122",
    "Website": "www.pleasantbeachvillage.com",
    "Offer": "both"
  },
  {
    "Name": "Delfino's Chicago Style Pizzaa",
    "Address": "2631 NE UNIVERSITY Village St, Seattle 98105",
    "Neighborhood": "University District/University Village",
    "Phone": "206-522-3466",
    "Website": "http://www.delfinospizza.com/",
    "Offer": "takeout"
  },
  {
    "Name": "Palisade Restaurant",
    "Address": "2601 W Marina Pl",
    "Neighborhood": "Magnolia",
    "Phone": "(206) 285-1000",
    "Website": "www.palisaderestaurant.com",
    "Offer": "both"
  },
  {
    "Name": "Scotts Bar & Grill",
    "Address": "8115 Lake Ballinger Way Edmonds, WA 98026",
    "Neighborhood": "Edmonds/Shoreline",
    "Phone": "(425) 775-2561",
    "Website": "scottsbarandgrill.com",
    "Offer": "both"
  },
  {
    "Name": "Cutters Crabhouse",
    "Address": "2001 Western Ave. Seattle, WA 98121",
    "Neighborhood": "Belltown/Downtown",
    "Phone": "(206) 448-4884",
    "Website": "cutterscrabhouse.com",
    "Offer": "both"
  },
  {
    "Name": "Tamale My Life",
    "Address": "4634 E Marginal Way S suite e-120, Seattle, WA 98134",
    "Neighborhood": "SODO",
    "Phone": "206 552 9487",
    "Website": "www.tamalemylife.com",
    "Offer": "both"
  },
  {
    "Name": "Endolyne Joe’s",
    "Address": "9261 45th Ave SW, seattle",
    "Neighborhood": "West Seattle",
    "Phone": "206-937-5637",
    "Website": "http://www.chowfoods.com/endolyne-joes",
    "Offer": "both"
  },
  {
    "Name": "Cactus Kirkland",
    "Address": "121 Park Lane Kirkland, WA 98033",
    "Neighborhood": "Kirkland/ Eastside",
    "Phone": "425.893.9799",
    "Website": "https://cactusrestaurants.com/location/kirkland/",
    "Offer": "both"
  },
  {
    "Name": "Khao San Thai Cuisine",
    "Address": "100 Front Street S",
    "Neighborhood": "Issaquah",
    "Phone": 4256518138,
    "Website": "none",
    "Offer": "takeout"
  },
  {
    "Name": "Cafe Munir",
    "Address": "2408 NW 80th St, Seattle, Washington 98117",
    "Neighborhood": "Ballard",
    "Phone": "(206) 783-4190",
    "Website": "n/a",
    "Offer": "takeout"
  },
  {
    "Name": "Circa",
    "Address": "2605 California Ave. SW",
    "Neighborhood": "West Seattle",
    "Phone": "206-923-1102",
    "Website": "www.circalove.com",
    "Offer": "takeout"
  },
  {
    "Name": "Blue Moon Burgers",
    "Address": "2504 Alki Ave SW, seattle, WA 98116",
    "Neighborhood": "West Seattle",
    "Phone": "206-457-4398",
    "Website": "www.bluemoonburgers.com",
    "Offer": "both"
  },
  {
    "Name": "Blue Moon Burgers",
    "Address": "515 Broadway East, Seattle, Wa",
    "Neighborhood": "Capitol Hill",
    "Phone": "206-325-2000",
    "Website": "www.bluemoonburgers.com",
    "Offer": "both"
  },
  {
    "Name": "Umi Sake House",
    "Address": "2230 1st Ave",
    "Neighborhood": "Belltown",
    "Phone": 2063748717,
    "Website": "UmiSakeHouse.com",
    "Offer": "both"
  },
  {
    "Name": "Raccolto",
    "Address": "4147 California Ave SW Seattle WA 98116",
    "Neighborhood": "West Seattle Junction",
    "Phone": "206-397-3775",
    "Website": "Raccoltoseattle.com",
    "Offer": "takeout"
  },
  {
    "Name": "Marlai Fine Thai Cuisine",
    "Address": "3719 NE 45th Street Seattle",
    "Neighborhood": "Laurelhurst",
    "Phone": "206-523-3200",
    "Website": "Marlaithai.com",
    "Offer": "both"
  },
  {
    "Name": "Kerloo Cellars",
    "Address": "3911 1st Avenue South",
    "Neighborhood": "SODO",
    "Phone": "206-349-0641",
    "Website": "Kerloocellars.com",
    "Offer": "both"
  },
  {
    "Name": "Bangrak Market",
    "Address": "2319 2nd Ave Seattle WA 98121",
    "Neighborhood": "Belltown",
    "Phone": "206.735.7352",
    "Website": "https://www.bangrakmarket.com/",
    "Offer": "both"
  },
  {
    "Name": "G.H. Pasta",
    "Address": "2305 6th Ave Seattle, WA 98121",
    "Neighborhood": "Belltown/Regrade",
    "Phone": "206.402.6210",
    "Website": "https://www.ghpastaseattle.com/",
    "Offer": "takeout"
  },
  {
    "Name": "Shiro's Sushi",
    "Address": "2401 2ND AVE, SEATTLE, WA 98121",
    "Neighborhood": "Belltown",
    "Phone": "(206) 443-9844",
    "Website": "https://shiros.com/",
    "Offer": "takeout"
  },
  {
    "Name": "Rocco's Pizza",
    "Address": "2228 Second Avenue Seattle, WA 98121",
    "Neighborhood": "Belltown",
    "Phone": "206.448.2625",
    "Website": "https://www.roccosseattle.com/",
    "Offer": "both"
  },
  {
    "Name": "Local Pho",
    "Address": "2230 3rd Avenue, Seattle",
    "Neighborhood": "Belltown",
    "Phone": "206-4415885",
    "Website": "https://yelp.to/qTKq/5yhq0P0Kf5",
    "Offer": "both"
  },
  {
    "Name": "Spartas's pizza",
    "Address": "Lynnwood and Bothell",
    "Neighborhood": "Lynnwood and Bothell",
    "Phone": "4257451880(Lynnwood) 4254851227(Bothell)",
    "Website": "Spartaspizza.com",
    "Offer": "both"
  },
  {
    "Name": "Just Poké",
    "Address": "7345 164th Ave NE Suite I Redmond, WA 98052",
    "Neighborhood": "Redmond",
    "Phone": "425-242-0889",
    "Website": "justpoke.com",
    "Offer": "both"
  },
  {
    "Name": "Just Poke",
    "Address": "755 NW Gilman Boulavard Suite D, Issaquah, 98027",
    "Neighborhood": "Issaquah",
    "Phone": "425-961-0250",
    "Website": "justpoke.com",
    "Offer": "both"
  },
  {
    "Name": "Just Poke",
    "Address": "117 Kirkland Ave #117, Kirkland, WA 98033 425-",
    "Neighborhood": "Kirkland",
    "Phone": "425-658-3387",
    "Website": "justpoke.com",
    "Offer": "both"
  },
  {
    "Name": "Cafe Javasti",
    "Address": "8617 35th Ave NE",
    "Neighborhood": "Wedgwood",
    "Phone": 2062040255,
    "Website": "Javasti.com",
    "Offer": "takeout"
  },
  {
    "Name": "Bounty Kitchen - Queen Anne",
    "Address": "7Boston St",
    "Neighborhood": "Queen Anne",
    "Phone": "206 695 2017",
    "Website": "bountykitchenseattle.com",
    "Offer": "both"
  },
  {
    "Name": "Elliott Bay Public House & Brewery",
    "Address": "12537 Lake City Way NE, Seattle 98125",
    "Neighborhood": "Lake City",
    "Phone": "206-365-2337",
    "Website": "https://www.elliottbaybrewing.com/locations/lake-city/",
    "Offer": "takeout"
  },
  {
    "Name": "2C Thai Bistro and Spirits",
    "Address": "12506 Lake City Way NE",
    "Neighborhood": "Lake City Seattle",
    "Phone": "206-739-5909",
    "Website": "www.2CThai.com",
    "Offer": "takeout"
  },
  {
    "Name": "Sushi Kappo Tamura",
    "Address": "2968 Eastlake Ave E, Seattle, WA 98102",
    "Neighborhood": "Eastlake",
    "Phone": "(206) 547-0937",
    "Website": "https://www.sushikappotamura.com/",
    "Offer": "both"
  },
  {
    "Name": "Ooink",
    "Address": "1416 Harvard Ave - Seattle, WA 98122",
    "Neighborhood": "Capitol Hill",
    "Phone": "206.568.7669",
    "Website": "https://www.ooinkramen.com/contact-us",
    "Offer": "delivery"
  },
  {
    "Name": "Chutney’s Bistro",
    "Address": "1815 N 45th St, Seattle, WA 98103",
    "Neighborhood": "Wallingford",
    "Phone": "(206) 634-1000",
    "Website": "http://www.chutneysbistro.com/",
    "Offer": "both"
  },
  {
    "Name": "El Camino",
    "Address": "607 N 35th St, Seattle, WA 98103",
    "Neighborhood": "Fremont",
    "Phone": "206-632-7303",
    "Website": "www.elcaminorestaurant.com",
    "Offer": "both"
  },
  {
    "Name": "South Town Pie",
    "Address": "8611 14th Ave S, Seattle, WA 98108",
    "Neighborhood": "South Park",
    "Phone": "206-535-7166",
    "Website": "www.southtownpie.com",
    "Offer": "both"
  },
  {
    "Name": "Lunchbox Laboratory Seattle",
    "Address": "1253 Thomas St , Seattle WA 98109",
    "Neighborhood": "Seattle",
    "Phone": 2066211090,
    "Website": "lunchboxlab.com",
    "Offer": "both"
  },
  {
    "Name": "Lunchbox Laboratory Redmond",
    "Address": "7325 166th Ave F142, Redmond, WA 98052",
    "Neighborhood": "Redmond",
    "Phone": "425-307-1634",
    "Website": "lunchboxlab.com",
    "Offer": "both"
  },
  {
    "Name": "Lunchbox Laboratory Bellevue",
    "Address": "989 112th Ave #105, Bellevue, WA 98004",
    "Neighborhood": "Bellevue",
    "Phone": "425-206-5676",
    "Website": "lunchboxlab.com",
    "Offer": "both"
  },
  {
    "Name": "The Alibi Room",
    "Address": "85 Pike St, Seattle, WA 98101",
    "Neighborhood": "Pike Place Market",
    "Phone": "(206) 623-3180",
    "Website": "http://seattlealibi.com/",
    "Offer": "both"
  },
  {
    "Name": "Bottega Italiana",
    "Address": "1425 1st Ave, Seattle, WA 98101",
    "Neighborhood": "Pike Place Market",
    "Phone": "(206) 343-0200",
    "Website": "http://bottegaitaliana.com/",
    "Offer": "both"
  },
  {
    "Name": "Cinnamon Works",
    "Address": "1536 Pike Pl, Seattle, WA 98101",
    "Neighborhood": "Pike Place Market",
    "Phone": "(206) 583-0085",
    "Website": "https://cinnamonworks.com/",
    "Offer": "both"
  },
  {
    "Name": "DeLaurenti Food and Wine",
    "Address": "1435 1st Ave, Seattle, WA 98101",
    "Neighborhood": "Pike Place Market",
    "Phone": "(206) 622-0141",
    "Website": "https://delaurenti.com/",
    "Offer": "delivery"
  },
  {
    "Name": "Honest Biscuits",
    "Address": "1901 Western Ave Suite E, Seattle, WA 98101",
    "Neighborhood": "Pike Place Market",
    "Phone": "(206) 682-7179",
    "Website": "https://www.honestbiscuits.com/menu",
    "Offer": "both"
  },
  {
    "Name": "indi chocolate",
    "Address": "1901 Western Ave D, Seattle, WA 98101",
    "Neighborhood": "Pike Place Market",
    "Phone": "(425) 243-2089",
    "Website": "https://indichocolate.com/",
    "Offer": "both"
  },
  {
    "Name": "Island Girl Seafood",
    "Address": "Pike Place Market MarketFront",
    "Neighborhood": "Pike Place Market",
    "Phone": "(360) 255-1524",
    "Website": "https://shoutout.wix.com/so/80N3pdKch#/main",
    "Offer": "delivery"
  },
  {
    "Name": "Los Agaves",
    "Address": "1514 Pike Place Market Ave, #7, Seattle, WA 98101",
    "Neighborhood": "Pike Place Market",
    "Phone": "(206) 504-0202",
    "Website": "https://losagaves.net/",
    "Offer": "both"
  },
  {
    "Name": "Michou Deli",
    "Address": "1904 Pike Pl, Seattle, WA 98101",
    "Neighborhood": "Pike Place Market",
    "Phone": "(206) 448-4758",
    "Website": "https://michoudeli.com/menu/"
  },
  {
    "Name": "Saffron Grill Mediterranean and Indian Cuisine",
    "Address": "2132 N Northgate Way, Seattle WA 98133",
    "Neighborhood": "Northgate",
    "Phone": "206-417-0707",
    "Website": "saffrongrillseattle.com"
  },
  {
    "Name": "Mr D's Greek Delicacies",
    "Address": "1518 Pike Pl, Seattle, WA 98101",
    "Neighborhood": "Pike Place Market",
    "Phone": "(206) 622-4881 ",
    "Website": "https://www.mrdsgreekdelicacies.com/",
    "Offer": "both"
  },
  {
    "Name": "blue water taco grill ",
    "Address": "515 queen anne ave north ",
    "Neighborhood": "queen anne ",
    "Phone": "206 352 2407",
    "Website": "bluewatertacogrill.com ",
    "Offer": "both"
  },
  {
    "Name": "Old Stove Brewing Co. ",
    "Address": "1901 Western Ave, Seattle, WA 98101",
    "Neighborhood": "Pike Place Market",
    "Phone": "(206) 602-6120 ",
    "Website": "https://www.oldstove.com/uploads/pdf/currentfoodmenu.pdf",
    "Offer": "both"
  },
  {
    "Name": "Pike's Pit BBQ",
    "Address": " 1505 Pike Place Market, Seattle, WA 98101",
    "Neighborhood": "Pike Place Market",
    "Phone": " (206) 538-0779",
    "Website": "https://www.pikespit.com/",
    "Offer": "both"
  },
  {
    "Name": "Piroshky Piroshky",
    "Address": " 1908 Pike Pl, Seattle, WA 98101",
    "Neighborhood": "Pike Place Market",
    "Phone": "(206) 764-1000 ",
    "Website": "https://www.piroshkybakery.com/",
    "Offer": "both"
  },
  {
    "Name": "Pizza and Pasta Bar",
    "Address": "1530 Post Alley #7, Seattle, WA 98101",
    "Neighborhood": "Pike Place Market",
    "Phone": " (206) 621-7545",
    "Website": "https://pizza-and-pasta-bar.business.site/",
    "Offer": "delivery"
  },
  {
    "Name": "Seattle Bagel Bakery",
    "Address": "93 Pike St #4, Seattle, WA 98101",
    "Neighborhood": "Pike Place Market",
    "Phone": "(206) 624-8099",
    "Website": "http://seattlebagel.com/",
    "Offer": "takeout"
  },
  {
    "Name": "Taproom at Pike Place",
    "Address": "1525 1st Ave #16, Seattle, WA 98101",
    "Neighborhood": "Pike Place Market",
    "Phone": "(206) 829-4800 ",
    "Website": "https://taproomatpikeplace.com/",
    "Offer": "takeout"
  },
  {
    "Name": "Three Girls Bakery",
    "Address": "1514 Pike Pl, Seattle, WA 98101",
    "Neighborhood": "Pike Place Market",
    "Phone": " (206) 622-1045 ",
    "Website": "https://threegirlsbakery.com/",
    "Offer": "takeout"
  },
  {
    "Name": "Uli's Famous Sausage",
    "Address": "1511 Pike Pl, Seattle, WA 98101",
    "Neighborhood": "Pike Place Market",
    "Phone": "(206) 838-1712",
    "Website": "Uli's Famous Sausage",
    "Offer": "both"
  },
  {
    "Name": "Tamarind Tree",
    "Address": "1036 S Jackson St, Seattle, WA 98104",
    "Neighborhood": "International District",
    "Phone": "(206) 860-1404",
    "Website": "https://tamarindtreerestaurant.com/",
    "Offer": "takeout"
  },
  {
    "Name": "Specialty’s Cafe and Bakery",
    "Address": "520 Terry Ave N",
    "Neighborhood": "South Lake Union",
    "Phone": "877-502-2837",
    "Website": "Specialtys.com",
    "Offer": "takeout"
  },
  {
    "Name": "Fuji Bakery",
    "Address": "1030 Elliott Ave W Seattle 98119",
    "Neighborhood": "Interbay",
    "Phone": "206 216 3616",
    "Website": "https://fujibakeryinc.com",
    "Offer": "takeout"
  },
  {
    "Name": "El Ranchon",
    "Address": "3416 W McGraw St",
    "Neighborhood": "Magnolia",
    "Phone": "(206) 281-9233",
    "Website": "https://www.elranchonmagnolia.com/menus.html",
    "Offer": "takeout"
  },
  {
    "Name": "Seastar Restaurant and Raw Bar",
    "Address": "205 108th Ave NE, Suite 100",
    "Neighborhood": "Bellevue",
    "Phone": 4254560010,
    "Website": "www.seastarrestaurant.com",
    "Offer": "takeout"
  },
  {
    "Name": "John Howie Steak",
    "Address": "11111 NE 8th Street",
    "Neighborhood": "Bellevue",
    "Phone": 4254400880,
    "Website": "www.johnhowiesteak.com",
    "Offer": "takeout"
  },
  {
    "Name": "Beardslee Public House",
    "Address": "19116 Beardslee Blvd",
    "Neighborhood": "Bothell",
    "Phone": 4252861001,
    "Website": "www.beardsleeph.com",
    "Offer": "takeout"
  },
  {
    "Name": "GoldinBlack",
    "Address": "621 Queen Anne Ave N",
    "Neighborhood": "Lower Queen Anne",
    "Phone": 2066877756,
    "Website": "http://goldinblack.blogspot.com/?m=1",
    "Offer": "both"
  },
  {
    "Name": "Zouave",
    "Address": "2615 N.E. 65th St., Seattle",
    "Neighborhood": "Ravenna",
    "Phone": "206-525-7747",
    "Website": "zouaverestaurant.com",
    "Offer": "takeout"
  },
  {
    "Name": "Konvene Coffee",
    "Address": "500 Mercer St Floor 2",
    "Neighborhood": "Queen Anne",
    "Phone": 2068669134,
    "Website": "www.konvene.coffee",
    "Offer": "both"
  },
  {
    "Name": "ChurchKey Pub",
    "Address": "109 4th Avenue North, Edmonds, Washington 98020",
    "Neighborhood": "downtown edmonds ",
    "Phone": "(425) 835-0230",
    "Website": "https://churchkeypub.com/",
    "Offer": "takeout"
  },
  {
    "Name": "Eight Row",
    "Address": "7102 Woodlawn ave ne",
    "Neighborhood": "Green Lake",
    "Phone": "(206) 294-3178",
    "Website": "Www.eightrow.com",
    "Offer": "takeout"
  },
  {
    "Name": "2C Thai Bistro",
    "Address": "12506 Lake City Way NESeattle, WA, 98125",
    "Neighborhood": "Lake City   (hey, create a category for Lake City please, we are a neighborhood)",
    "Phone": "(206) 739-5909",
    "Website": "2cthai.com",
    "Offer": "both"
  },
  {
    "Name": "Matts' Rotisserie & Oyster Lounge",
    "Address": "7325 166th Ave NE, Ste F210, Redmond WA 98052",
    "Neighborhood": "Redmond Town Center",
    "Phone": "425.376.0909",
    "Website": "Mattsrotisserie.com ",
    "Offer": "takeout"
  },
  {
    "Name": "Wann Japanese Izakaya ",
    "Address": "2020 2nd Ave Seattle Wa 98121",
    "Neighborhood": "Belltown",
    "Phone": 2064415637,
    "Website": "www.wann-izakaya.com",
    "Offer": "both"
  },
  {
    "Name": "Bistro Turkuaz",
    "Address": "1114 34th Ave, Seattle",
    "Neighborhood": "Madrona",
    "Phone": "206-324-3039",
    "Website": "www.bistroturkuazseattle.com",
    "Offer": "takeout"
  },
  {
    "Name": "Pazzo's on Eastlake",
    "Address": "2307 Eastlake Ave e",
    "Neighborhood": "Eastlake (union)",
    "Phone": 2063296558,
    "Website": "www.pazzosoneastlake.com",
    "Offer": "takeout"
  },
  {
    "Name": "Hosoonyi",
    "Address": "23830 Hwy 99 #114, Edmonds, ",
    "Neighborhood": "Edmonds",
    "Phone": "(425) 775-8196",
    "Website": "https://www.yelp.com/biz/hosoonyi-korean-restaurant-edmonds",
    "Offer": "takeout"
  },
  {
    "Name": "Rupee Bar",
    "Address": "6307 24th Ave NW, Seattle, 98107",
    "Neighborhood": "Ballard",
    "Phone": "206 397 3263",
    "Website": "rupeeseattle.com",
    "Offer": "both"
  },
  {
    "Name": "Bongos Cafe",
    "Address": "6501 Aurora Ave N,  Seattle, WA 98103",
    "Neighborhood": "Greenlake",
    "Phone": "(206) 420-8548",
    "Website": "https://www.bongosseattle.com",
    "Offer": "takeout"
  },
  {
    "Name": "harrys beach house",
    "Address": "2676 alki ave sw",
    "Neighborhood": "west Seattle",
    "Phone": "206 513 6297",
    "Website": "www.harrysbeachhouse.com",
    "Offer": "both"
  },
  {
    "Name": "El Borracho Pike Place Market",
    "Address": "1521 1st Ave",
    "Neighborhood": "Downtown",
    "Phone": 2065380440,
    "Website": "www.elborracho.co",
    "Offer": "both"
  },
  {
    "Name": "El Borracho Ballard",
    "Address": "5465 Leary Ave NW",
    "Neighborhood": "Ballard",
    "Phone": "206582-1974",
    "Website": "www.elborracho.co",
    "Offer": "both"
  },
  {
    "Name": "El Borracho Tacoma",
    "Address": "2717 6th Avenue",
    "Neighborhood": "Tacoma",
    "Phone": "253-3145286",
    "Website": "www.elborracho.co",
    "Offer": "both"
  },
  {
    "Name": "The Berliner Doner Kebab",
    "Address": "428 Westlake Ave N, Suite 101, 98109",
    "Neighborhood": "South Lake Union",
    "Phone": 2063543944,
    "Website": "www.berlinerseattle.com",
    "Offer": "both"
  },
  {
    "Name": "Famous Dave's",
    "Address": "1901 South 72nd Street, Ste C-39 Tacoma, WA",
    "Neighborhood": "Tacoma",
    "Phone": "253-722-0500",
    "Website": "https://www.famousdaves.com/togo/Tacoma",
    "Offer": "both"
  },
  {
    "Name": "Olmstead",
    "Address": "314 Broadway E, Seattle, WA, 98102",
    "Neighborhood": "Capitol Hill",
    "Phone": 2065574201,
    "Website": "https://www.olmsteadseattle.com/",
    "Offer": "both"
  },
  {
    "Name": "Celine Patisserie",
    "Address": "6801 Greenwood Ave N #113a, Seattle",
    "Neighborhood": "Phinney Ridge",
    "Phone": "(206) 258-6572",
    "Website": "https://celinepatisserie.com/",
    "Offer": "both"
  },
  {
    "Name": "Cook Weaver",
    "Address": "806 East Roy Street Seattle, WA, 98102",
    "Neighborhood": "Capitol Hill",
    "Phone": "206-324-0599",
    "Website": "http://www.cookweaver.com/",
    "Offer": "takeout"
  },
  {
    "Name": "Delfino's Chicago Style Pizza",
    "Address": "2631 NE UNIVERSITY VILLAGE ST SEATTLE, WA 98105",
    "Neighborhood": "Ravenna/University Village",
    "Phone": "206-522-3466",
    "Website": "http://www.delfinospizza.com/",
    "Offer": "takeout"
  },
  {
    "Name": "Bite Box",
    "Address": "307 West McGraw Street",
    "Neighborhood": "Queen Anne",
    "Phone": "206 708-1213",
    "Website": "www.letsgogrub.com",
    "Offer": "takeout"
  },
  {
    "Name": "Otter Bar and Burger",
    "Address": "2379 Eastlake Ave East",
    "Neighborhood": "Eastlake",
    "Phone": "(206) 906-9401",
    "Website": "Www.otterbarandburger.com",
    "Offer": "takeout"
  },
  {
    "Name": "Volterra",
    "Address": "121 Kirkland Ave",
    "Neighborhood": "Kirkland",
    "Phone": "425 202 7201",
    "Website": "www.volterrakirkland.com",
    "Offer": "takeout"
  },
  {
    "Name": "Gilbert’s Main Street Deli",
    "Address": "10024 Main Street",
    "Neighborhood": "Bellevue",
    "Phone": "425-455-5650",
    "Website": "Gilbertsonmain.com",
    "Offer": "Takeout, Delivery"
  },
  {
    "Name": "Zoka Coffee",
    "Address": "Green Lake,University,Kirkland",
    "Neighborhood": "TangleTown,University, Kirkland",
    "Phone": "206-545-4277,206-527-0990,525-284-1830",
    "Website": "Zokacoffee.com",
    "Offer": "Takeout"
  },
  {
    "Name": "JaK's Grill Issaquah",
    "Address": "14 Front St N, Issaquah, WA 98027",
    "Neighborhood": "Issaquah",
    "Phone": "425-837-8834",
    "Website": "jaksgrill.com",
    "Offer": "Takeout, Delivery"
  },
  {
    "Name": "Sunset Alehouse",
    "Address": "20 Front St S, Issaquah, WA 98027",
    "Neighborhood": "Issaquah",
    "Phone": "425-391-8395",
    "Website": "sunsetalehouse.com",
    "Offer": "Takeout, Delivery"
  },
  {
    "Name": "JaK's Grill West Seattle",
    "Address": "4548 California Ave SW, Seattle WA 98116",
    "Neighborhood": "West Seattle",
    "Phone": "206-937-7809",
    "Website": "jaksgrill.com",
    "Offer": "Takeout, Delivery"
  },
  {
    "Name": "JaK's Grill Laurelhurst",
    "Address": "3701 NE 45th ST, Seattle WA 98105",
    "Neighborhood": "Laurelhurst",
    "Phone": "206-985-8545",
    "Website": "jaksgrill.com",
    "Offer": "Takeout, Delivery"
  },
  {
    "Name": "The Lakehouse",
    "Address": "10455 NE 5th Place. Bellevue, WA 98004",
    "Neighborhood": "Bellevue",
    "Phone": "425-454-7076",
    "Website": "TheLakehouseBellevue.com",
    "Offer": "Takeout"
  },
  {
    "Name": "Calluna",
    "Address": "5628 University Way NE",
    "Neighborhood": "U-District",
    "Phone": "206-420-1938",
    "Website": "callunaseattle.com",
    "Offer": "Takeout"
  },
  {
    "Name": "Arosa Cafe",
    "Address": "3121 e madison st",
    "Neighborhood": "Madison Park ",
    "Phone": 12064050605,
    "Website": "www.arosacafe.com",
    "Offer": "Takeout, Delivery"
  },
  {
    "Name": "Razzi’s Pizza and Pasta",
    "Address": "8523 Greenwood Avenue North ",
    "Neighborhood": "Greenwood",
    "Phone": "206 782-9005",
    "Website": "Razzi’s.com",
    "Offer": "Takeout, Delivery"
  },
  {
    "Name": "Serendipity Cafe & Lounge",
    "Address": "3222 W McGraw St",
    "Neighborhood": "Magnolia",
    "Phone": "206-282-9866",
    "Website": "serendipitycafeandlounge.ccm",
    "Offer": "Takeout"
  },
  {
    "Name": "Liberty",
    "Address": "517 15th Ave E., Seattle",
    "Neighborhood": "Capitol Hill",
    "Phone": "206-323-9898",
    "Website": "www.libertybars.com",
    "Offer": "Takeout, Delivery"
  },
  {
    "Name": "Big Mario’s New York Style Pizza",
    "Address": "1009 East Pike Street",
    "Neighborhood": "Capitol Hill",
    "Phone": "206.922.3875",
    "Website": "https://bigmariosnewyorkpizza.com",
    "Offer": "Takeout, Delivery"
  },
  {
    "Name": "Kiss Cafe",
    "Address": "2817 NW Market St. ",
    "Neighborhood": "Ballard",
    "Phone": "206-789-5477",
    "Website": "www.ballardkisscafe.com",
    "Offer": "Takeout"
  },
  {
    "Name": "Himitsu Teriyaki",
    "Address": "8014 Lake City Way NE",
    "Neighborhood": "Maple Leaf",
    "Phone": "206-524-9929",
    "Website": "N/A",
    "Offer": "Takeout"
  },
  {
    "Name": "Yes Siam Thai Cafe and Bar",
    "Address": "8014 15th Ave NE",
    "Neighborhood": "Maple Leaf",
    "Phone": "206-403-1994",
    "Website": "yessiamthaicafe.com",
    "Offer": "Takeout"
  },
  {
    "Name": "Barking Dog Ale House",
    "Address": "705 70th Street NW, Seattle, WA 98117",
    "Neighborhood": "Ballard/Phinney Ridge",
    "Phone": 2067822974,
    "Website": "http://thebarkingdogalehouse.com/",
    "Offer": "Takeout, Delivery"
  },
  {
    "Name": "Cafe Avole",
    "Address": "6630 Rainier Ave S",
    "Neighborhood": "Rainier Valley",
    "Phone": "(206) 472-4096",
    "Website": "https://order.joe.coffee/stores/cafe-avole/b0deb6e0-48fa-4679-9270-45a5551b7d81/details/(store:order)?category=0",
    "Offer": "Takeout"
  },
  {
    "Name": "Kaffa Coffee and Wine Bar",
    "Address": "8136 Rainier Ave S",
    "Neighborhood": "Rainier Valley",
    "Phone": " (206) 453-3558",
    "Website": "http://www.kaffacoffee.net/p/welcome.html",
    "Offer": "Takeout, Delivery"
  },
  {
    "Name": "King Philly Cheesesteaks",
    "Address": "7920 Rainier Ave S",
    "Neighborhood": "Rainier Valley",
    "Phone": "(206) 722-2434",
    "Website": "http://places.singleplatform.com/king-philly-cheesesteaks/menu?ref=google",
    "Offer": "Takeout, Delivery"
  },
  {
    "Name": "Los Tinos",
    "Address": "7300 Rainier Ave S",
    "Neighborhood": "Rainier Valley",
    "Phone": "(206) 760-1388",
    "Website": "https://m.facebook.com/LosTinosMexicanRestaurant/",
    "Offer": "Takeout, Delivery"
  },
  {
    "Name": "Bang Bang Kitchen",
    "Address": "4219 S Othello St",
    "Neighborhood": "Holly Park",
    "Phone": "(206) 420-3146",
    "Website": "https://www.bangbangseattle.com/",
    "Offer": "Takeout, Delivery"
  },
  {
    "Name": "Johnny Mo's",
    "Address": "272 Fuhrman Avenue East Suite 100  Seattle, Washington 98102",
    "Neighborhood": "Eastlake",
    "Phone": "(206) 822-6272",
    "Website": "https://www.johnnymos.com",
    "Offer": "Takeout, Delivery"
  },
  {
    "Name": "The Barking Dog",
    "Address": "705 NW 70th St, Seattle, WA 98117 ·",
    "Neighborhood": "Ballard",
    "Phone": "(206) 782-2974",
    "Website": "http://thebarkingdogalehouse.com/",
    "Offer": "Takeout, Delivery"
  },
  {
    "Name": "Spice Up",
    "Address": "305 bell street seattle 98121",
    "Neighborhood": "Belltown",
    "Phone": "206-728-2551",
    "Website": "Www.spiceupszechuan.con",
    "Offer": "Takeout"
  },
  {
    "Name": "The Shelter Green Lake",
    "Address": "7110 E GREEN LAKE DRIVE N.  SEATTLE WA, 98115",
    "Neighborhood": "Green Lake ",
    "Phone": "(206) 420-7452",
    "Website": "https://www.shelterlounge.com/takeout",
    "Offer": "Takeout"
  },
  {
    "Name": "Sunlight Cafe",
    "Address": "6404 9th Ave NE",
    "Neighborhood": "Roosevelt",
    "Phone": "206 522-9060",
    "Website": "sunlightcafevegetarian.com",
    "Offer": "both"
  },
  {
    "Name": "Triangle Spirits",
    "Address": "3507 Fremont Pl N  Seattle, WA 98103",
    "Neighborhood": "Fremont ",
    "Phone": "206-632-0880",
    "Website": "www.trianglefremont.com",
    "Offer": "takeout"
  },
  {
    "Name": "Zulu’s Board Game Cafe",
    "Address": "10234 Main St",
    "Neighborhood": "Bothell",
    "Phone": "425-818-8122",
    "Website": "https://www.zulusgames.com/",
    "Offer": "both"
  },
  {
    "Name": "BBQ Pete's ",
    "Address": "6621 S 211th St Suite 106 Kent, WA 98032",
    "Neighborhood": "Kent Valley",
    "Phone": "(425) 251-0778",
    "Website": "bbqpetes.com",
    "Offer": "takeout"
  },
  {
    "Name": "Time Out Greek & American Restuarant",
    "Address": "5807 244th Street SW Mountlake Terrace, WA 98043",
    "Neighborhood": "Mountlake Terrace",
    "Phone": "425-672-5144",
    "Website": "https://www.timeoutmlt.com/",
    "Offer": "both"
  },
  {
    "Name": "Tung Kee Mi Gia ",
    "Address": "11205 16th ave sw ",
    "Neighborhood": "White Center",
    "Phone": "206-661-4181",
    "Website": "https://www.tungkeemigia.com/",
    "Offer": "takeout"
  },
  {
    "Name": "Thai You Up",
    "Address": "13456 1st ave S",
    "Neighborhood": "Burien",
    "Phone": "206-503-2914",
    "Website": "http://thaiuup.com/",
    "Offer": "both"
  },
  {
    "Name": "Sod House Bakery",
    "Address": "2114 NE 65th St Seattle, WA 98115, US",
    "Neighborhood": "Ravenna",
    "Phone": "+1 206-522-3000",
    "Website": "https://sodhousebakery.square.site/",
    "Offer": "both"
  },
  {
    "Name": "Crepe Cafe",
    "Address": "2118 NE 65TH ST, SEATTLE, WA 98115",
    "Neighborhood": "Ravenna",
    "Phone": "(206) 527 7147",
    "Website": "http://crepesandwine.com/",
    "Offer": "takeout"
  },
  {
    "Name": "Yummy Cafe",
    "Address": "4008 Northeast 55th Street, Seattle",
    "Neighborhood": "Bryant",
    "Phone": "206-528-0570",
    "Website": "http://yummycaferestaurant.com/",
    "Offer": "both"
  },
  {
    "Name": "Serendipity Cafe",
    "Address": "3222 West McGraw Street",
    "Neighborhood": "Magnolia",
    "Phone": "(206) 282-9866",
    "Website": "https://www.serendipitycafeandlounge.com/",
    "Offer": "takeout"
  },
  {
    "Name": "Harry's Beach House",
    "Address": "2676 Alki Ave SW Seattle 98116",
    "Neighborhood": "West Seattle",
    "Phone": "206-513-6297",
    "Website": "harrysbeachhouse.com",
    "Offer": "both"
  },
  {
    "Name": "Rockcreek Seafood and Spirits",
    "Address": "4300 Fremont ave. N, SEattle, wa ",
    "Neighborhood": "Fremont ",
    "Phone": "206-557-7532",
    "Website": "Rock creek Seafood and Spirits",
    "Offer": "both"
  },
  {
    "Name": "Dough Zone Dumpling House",
    "Address": "7625 170th Ave NE Redmond, WA  98052 United States",
    "Neighborhood": "Redmond",
    "Phone": "(425) 702-8888",
    "Website": "https://www.doughzonedumplinghouse.com/",
    "Offer": "both"
  },
  {
    "Name": "Ikina Sushi",
    "Address": "918 E Pike St, Seattle, WA 98122",
    "Neighborhood": "Capitol Hill ",
    "Phone": "(206) 453-4441",
    "Website": "https://www.seamless.com/menu/ikina-sushi-918-e-pike-st-seattle/",
    "Offer": "both"
  },
  {
    "Name": "Tipsy Cow Burger Bar",
    "Address": "Redmond & Woodinville",
    "Neighborhood": "Redmond & Woodinville",
    "Phone": "Www.tipsycowburgerbar.com",
    "Website": "TipsyCowburgerbar.com",
    "Offer": "takeout"
  },
  {
    "Name": "Mykonos",
    "Address": "310 NE 72nd St, Seattle, WA 98115",
    "Neighborhood": "Green Lake",
    "Phone": "(206) 523-8929",
    "Website": "mykonosgreenlake.com",
    "Offer": "takeout"
  },
  {
    "Name": "Salvatore Ristorante Italiano",
    "Address": "6100 Roosevelt Way, Seattle, WA 98115",
    "Neighborhood": "Roosevelt",
    "Phone": 2065279301,
    "Website": "www.salvatoreristoranteitaliano.com",
    "Offer": "takeout"
  },
  {
    "Name": "76 Bistro",
    "Address": "18401 76th Ave W Edmonds 98026",
    "Neighborhood": "Edmonds/Perrinville",
    "Phone": "425-776-3616",
    "Website": "www.bistro76kitchen.com",
    "Offer": "takeout"
  },
  {
    "Name": "Bar Dojo",
    "Address": "8404 BOWDOIN Way Edmonds 98026",
    "Neighborhood": "Edmonds/5 Corners",
    "Phone": "425-967-7267",
    "Website": "Www.bardojo.com",
    "Offer": "takeout"
  },
  {
    "Name": "Mioposto",
    "Address": "3426 NE 55 ST., Seattle 98105",
    "Neighborhood": "Bryant/Ravenna",
    "Phone": "(206) 582-1899",
    "Website": "https://www.miopostopizza.com/ravenna",
    "Offer": "both"
  },
  {
    "Name": "Lupo",
    "Address": "4303 Fremont Ave N. ",
    "Neighborhood": "Fremont",
    "Phone": "(206) 547-2144",
    "Website": "https://www.lupofremont.com/",
    "Offer": "takeout"
  },
  {
    "Name": "Eve Fremont ",
    "Address": "704 N. 34th St. 98103",
    "Neighborhood": "Fremont",
    "Phone": "206-900-7186",
    "Website": "www.evefremont.com",
    "Offer": "takeout"
  },
  {
    "Name": "Shibu Ramen",
    "Address": "9733 NE 117th Ln, Kirkland, WA 98034-8951",
    "Neighborhood": "Kirkland",
    "Phone": "425-202-7459",
    "Website": "https://www.shiburamen.com/",
    "Offer": "both"
  },
  {
    "Name": "Duvall Grill and Taproom",
    "Address": "15602 Main St NE, Duvall, WA 98019",
    "Neighborhood": "Duvall",
    "Phone": "425-844-1430",
    "Website": "www.Duvallgrill.com",
    "Offer": "takeout"
  },
  {
    "Name": "Lake Forest Bar and Grill",
    "Address": "17535 Ballinger Way NE, Lake Forest Park, WA 98155",
    "Neighborhood": "Lake Forest Park",
    "Phone": "(206) 364-1261",
    "Website": "lakeforestbarandgrill.com",
    "Offer": "takeout"
  },
  {
    "Name": "Ballard Loft",
    "Address": "5105 Ballard AVE NW",
    "Neighborhood": "Ballard",
    "Phone": "206 420 2737",
    "Website": "ballardloft.com",
    "Offer": "both"
  },
  {
    "Name": "Local 104",
    "Address": "18498 Ballinger Way NE, Lake Forest Park, WA 98155",
    "Neighborhood": "Lake Forest Park",
    "Phone": "(206) 309-4104",
    "Website": "thelocal104.com",
    "Offer": "takeout"
  },
  {
    "Name": "Julio's Restaurant",
    "Address": "10023 NE 183rd St, Bothell, WA 98011",
    "Neighborhood": "Bothell",
    "Phone": "(425) 485-1769",
    "Website": "juliorestaurant.com",
    "Offer": "both"
  },
  {
    "Name": "Bengal Tiger Cuisine of India",
    "Address": "6509 Roosevelt Way NE, Seattle, WA 98115",
    "Neighborhood": "Ravenna",
    "Phone": "(206) 985-0041",
    "Website": "bengaltigerwa.com",
    "Offer": "both"
  },
  {
    "Name": "harrys Beach House",
    "Address": "2676 alki ave sw",
    "Neighborhood": "west seattle",
    "Phone": "206.513.6297",
    "Website": "www.harrysbeachhouse.com",
    "Offer": "both"
  },
  {
    "Name": "Beyond The Bowl",
    "Address": "12518 Lake City Way NE, Seattle, WA 98125",
    "Neighborhood": "Lake City",
    "Phone": 2062574489,
    "Website": "https://www.beyondthebowl.net",
    "Offer": "both"
  },
  {
    "Name": "Groove City Grind",
    "Address": "3100 airport way s",
    "Neighborhood": "SODO",
    "Phone": "(206) 735-7254",
    "Website": "Look for us on facebook",
    "Offer": "takeout"
  },
  {
    "Name": "Groove City Grind",
    "Address": "3100 airport way s",
    "Neighborhood": "SODO",
    "Phone": "(206) 735-7254",
    "Website": "Look for us on facebook",
    "Offer": "takeout"
  },
  {
    "Name": "Vietnam Cafe and Sandwich",
    "Address": "5701 15th Ave NW",
    "Neighborhood": "Ballard",
    "Phone": "(206) 783-0836",
    "Website": "http://www.vietnamcafesandwich.com/",
    "Offer": "takeout"
  },
  {
    "Name": "Bar Cotto ",
    "Address": "1546 15th Ave, Seattle, WA 98122",
    "Neighborhood": "Capitol Hill ",
    "Phone": "206-390-9404",
    "Website": "Www.varcottopizzeria.com",
    "Offer": "both"
  },
  {
    "Name": "Hills ",
    "Address": "1843 NW 195th Street Shoreline, WA 98177",
    "Neighborhood": "Shoreline ",
    "Phone": "206-542-6353",
    "Website": "https://www.hillsshoreline.com/",
    "Offer": "takeout"
  },
  {
    "Name": "Wake N Bacon BBQ",
    "Address": "1437 NW Richmond Beach Rd.  Shoreline, WA 98177 Unit C",
    "Neighborhood": "Shoreline",
    "Phone": "206-542-8881",
    "Website": "http://www.wakenbaconbbq.com/",
    "Offer": "takeout"
  },
  {
    "Name": "Streetzeria",
    "Address": "1857 NW 195th Street, Shoreline, WA 98177",
    "Neighborhood": "Shoreline ",
    "Phone": "(206) 755-5433",
    "Website": "http://streetzeria.com/",
    "Offer": "takeout"
  },
  {
    "Name": "Hollywood Tavern",
    "Address": "14501 Woodinville Redmond Rd",
    "Neighborhood": "Woodinville",
    "Phone": "425-481-7703",
    "Website": "thehollywoodtavern.com",
    "Offer": "takeout"
  },
  {
    "Name": "Supreme",
    "Address": "4521 California Avenue SW",
    "Neighborhood": "West Seattle",
    "Phone": "000-000-0000",
    "Website": "supreme.bar",
    "Offer": "both"
  },
  {
    "Name": "Wingdone (Greenwood)",
    "Address": "7818 Greenwood Ave N, Seattle, 98103",
    "Neighborhood": "Greenwood",
    "Phone": " (206) 706-4036",
    "Website": "https://thewingdome.com/menu/greenwood/",
    "Offer": "both"
  },
  {
    "Name": "Deluxe Bar & Grill",
    "Address": "625 broadway e",
    "Neighborhood": "Capitol Hill",
    "Phone": "206 324-9697",
    "Website": "http://deluxebarandgrill.com/",
    "Offer": "both"
  },
  {
    "Name": "Skal",
    "Address": "5429 Ballard Ave NW Seattle",
    "Neighborhood": "Ballard",
    "Phone": "(206) 829-9615",
    "Website": "http://www.skalballard.com/",
    "Offer": "both"
  },
  {
    "Name": "Mojito",
    "Address": "7545 Lake City Way NE",
    "Neighborhood": "Maple Leaf",
    "Phone": "206-525-3162",
    "Website": "mojitoseattle.com",
    "Offer": "takeout"
  },
  {
    "Name": "Don Lucho's Restaurant",
    "Address": "7919 Roosevelt Way NE",
    "Neighborhood": "Maple Leaf",
    "Phone": "206-992-0232",
    "Website": "donluchosinseattle.com",
    "Offer": "takeout"
  },
  {
    "Name": "Beardslee Public House",
    "Address": "19116 Beardslee Blvd Nursery, Bothell, WA 98011",
    "Neighborhood": "Bothell",
    "Phone": 4252861001,
    "Website": "https://beardsleeph.com/",
    "Offer": "takeout"
  },
  {
    "Name": "Sushi Chinoise",
    "Address": "19122 Beardslee Blvd Nursery, Bothell, WA 98011",
    "Neighborhood": "Bothell",
    "Phone": "425-4020200",
    "Website": "https://www.sushichinoise.com",
    "Offer": "takeout"
  },
  {
    "Name": "Amaro Bistro",
    "Address": "18333 Bothell Way NE, Bothell, WA 98011",
    "Neighborhood": "Bothell",
    "Phone": 4254852300,
    "Website": "http://amarorestaurant.com/",
    "Offer": "both"
  },
  {
    "Name": "Hurry Curry of Tokyo",
    "Address": "825 Harrison St, Seattle WA 98109",
    "Neighborhood": "South Lake Union",
    "Phone": "206 681 9443",
    "Website": "hurrycurryoftokyo-Seattle.com",
    "Offer": "both"
  },
  {
    "Name": "Peel and Press",
    "Address": "6503 California Ave SW #1899 Seattle WA 98136",
    "Neighborhood": "West Seattle",
    "Phone": 2069371457,
    "Website": "https://www.peelandpressws.com/",
    "Offer": "takeout"
  },
  {
    "Name": "Bite Box",
    "Address": "307 West McGraw Street",
    "Neighborhood": "Queen Anne",
    "Phone": "206 708-1213",
    "Website": "www.letsgogrub.com",
    "Offer": "takeout"
  },
  {
    "Name": "Agave Cocina & Cantina",
    "Address": "17158 Redmond Way",
    "Neighborhood": "Redmond",
    "Phone": "(425) 881-8252",
    "Website": "https://agaverest.com/",
    "Offer": "takeout"
  },
  {
    "Name": "Adey Abeba Ethiopian Restaurant",
    "Address": "2123 East Union St. Seattle, WA 98122",
    "Neighborhood": "Central District",
    "Phone": "206-322-1617",
    "Website": "http://adeyabeba.net/",
    "Offer": "takeout"
  },
  {
    "Name": "Ba Bar",
    "Address": "550 12th Avenue Seattle, WA 98122",
    "Neighborhood": "Capitol Hill",
    "Phone": "206-328-2030",
    "Website": "https://babarseattle.com/capitol-hill/",
    "Offer": "both"
  },
  {
    "Name": "Ba Bar University Village",
    "Address": "2685 NE 46th Street Seattle, Wa 98105",
    "Neighborhood": "U District",
    "Phone": "206-328-1112",
    "Website": "https://babarseattle.com/university-village/",
    "Offer": "both"
  },
  {
    "Name": "Ba Bar South Lake",
    "Address": "500 Terry Ave N Seattle, WA 98109",
    "Neighborhood": "South Lake Union",
    "Phone": "206-623-2711",
    "Website": "https://babarseattle.com/south-lake-union/",
    "Offer": "both"
  },
  {
    "Name": "Cafe Flora",
    "Address": "2901 E. Madison St Seattle, WA 98112",
    "Neighborhood": "Madison Valley",
    "Phone": "206-325-9100",
    "Website": "https://cafeflora.com",
    "Offer": "both"
  },
  {
    "Name": "Casa Patron",
    "Address": "805 NE 65th St.",
    "Neighborhood": "Greenlake",
    "Phone": "206-923-7680",
    "Website": "https://www.facebook.com/casapatronseattle/",
    "Offer": "both"
  },
  {
    "Name": "LANPONI THAI RESTAURANT",
    "Address": "22639 NE Inglewood Hill Rd SAMMAMISH, WA 98074",
    "Neighborhood": "SAMMAMISH/EASTSIDE",
    "Phone": "425-836-3138",
    "Website": "WWW.LANPONI.BLOGSPOT.COM",
    "Offer": "both"
  },
  {
    "Name": "The Dane",
    "Address": "8000 15th Ave NW, Seattle, WA 98117",
    "Neighborhood": "Crown Hill",
    "Phone": "206-297-4441",
    "Website": "www.thedaneseattle.com",
    "Offer": "takeout"
  },
  {
    "Name": "Sansonina",
    "Address": "261 Rainier Ave S",
    "Neighborhood": "Renton",
    "Phone": "425 496-8178",
    "Website": "https://sansonina-ristorante-italiano.business.site/",
    "Offer": "both"
  },
  {
    "Name": "The Cottage",
    "Address": "10029 NE 183rd St, Bothell, WA, 98011",
    "Neighborhood": "Bothell",
    "Phone": "425-286-6332",
    "Website": "www.thecottagebothell.com",
    "Offer": "both"
  },
  {
    "Name": "Ivar's Seafood Bars",
    "Address": "Throughout Puguet Sound",
    "Neighborhood": "Throughout Puget Sound ",
    "Phone": "206-587-6500",
    "Website": "www.ivars.com",
    "Offer": "both"
  },
  {
    "Name": "Seattle Fish Company",
    "Address": "4435 California Ave SW, Seattle, WA 98116",
    "Neighborhood": "West Seattle",
    "Phone": "206-938-7576",
    "Website": "www.seattlefishcompany.com",
    "Offer": "both"
  }
]